timestamp,button, soundfile
1714900000,1, sound2.wav
1714900002,2, sound1.wav
1714900005,1, sound2.wav
1714900020,3, sound3.wav1777972017,1,beep.wav
1777972020,1,beep.wav
1777972023,2,alarm.wav
1777972024,3,click.wav
1777972024,4,alarm.wav
1777972026,4,alarm.wav
1777972029,4,alarm.wav
1777972065,1,beep.wav
1777972089,1,beep.wav
1777972279,1,sound1.wav
1777972280,2,sound2.wav
1777972281,4,sound4.wav
1777972281,3,sound3.wav
1777972314,1,sound1.wav
1777972314,1,sound1.wav
1777972531,1,sound1.wav
1777972533,1,sound1.wav
1777972533,1,sound1.wav
1777972557,3,sound3.wav
1777972558,1,sound1.wav
1777972572,1,sound1.wav
1777972573,1,sound1.wav
1777972806,1,sound1.wav
1777972808,1,sound1.wav
1777972808,1,sound1.wav
1777972823,1,freesound_community-comedic-silence-90574.mp3
1777972894,2,sound2.wav
1777972895,2,sound2.wav
1777973432,1,freesound_community-comedic-silence-90574.mp3
1777973433,1,freesound_community-comedic-silence-90574.mp3
1777973434,1,freesound_community-comedic-silence-90574.mp3
1777973491,2,sound2.wav
1777973493,2,sound2.wav
1777973493,2,sound2.wav
1777973513,2,sound2.wav
1777973513,2,sound2.wav
1777973574,1,freesound_community-comedic-silence-90574.mp3
1777973575,1,freesound_community-comedic-silence-90574.mp3
1777973576,1,freesound_community-comedic-silence-90574.mp3
1777973636,1,freesound_community-comedic-silence-90574.mp3
1777973637,1,freesound_community-comedic-silence-90574.mp3
1777973818,1,freesound_community-comedic-silence-90574.mp3
1777973818,1,freesound_community-comedic-silence-90574.mp3
1777973837,1,freesound_community-comedic-silence-90574.mp3
1777973837,1,freesound_community-comedic-silence-90574.mp3
1777973861,1,freesound_community-comedic-silence-90574.mp3
1777973861,1,freesound_community-comedic-silence-90574.mp3
1777973862,1,freesound_community-comedic-silence-90574.mp3
1777973862,1,freesound_community-comedic-silence-90574.mp3
1777973878,1,freesound_community-comedic-silence-90574.mp3
1777973878,1,freesound_community-comedic-silence-90574.mp3
1777973992,1,freesound_community-comedic-silence-90574.mp3
1777973995,1,freesound_community-comedic-silence-90574.mp3
1777973995,1,freesound_community-comedic-silence-90574.mp3
1777974026,1,freesound_community-comedic-silence-90574.mp3
1777974028,1,freesound_community-comedic-silence-90574.mp3
1777974028,1,freesound_community-comedic-silence-90574.mp3
1777974240,1,freesound_community-comedic-silence-90574.mp3
1777974241,1,freesound_community-comedic-silence-90574.mp3
1777974241,1,freesound_community-comedic-silence-90574.mp3
1777974276,1,freesound_community-comedic-silence-90574.mp3
1777974276,1,freesound_community-comedic-silence-90574.mp3
1777974288,1,freesound_community-comedic-silence-90574.mp3
1777974288,1,freesound_community-comedic-silence-90574.mp3
1777974302,1,freesound_community-comedic-silence-90574.mp3
1777974302,1,freesound_community-comedic-silence-90574.mp3
1777974808,1,freesound_community-comedic-silence-90574.mp3
1777974808,1,freesound_community-comedic-silence-90574.mp3
1777974814,3,sound3.wav
1777974814,3,sound3.wav
1777974827,2,sound2.wav
1777974827,2,sound2.wav
1777974836,2,sound2.wav
1777974837,2,sound2.wav
1777974856,2,sound2.wav
1777974856,2,sound2.wav
1777974873,1,freesound_community-comedic-silence-90574.mp3
1777974873,1,freesound_community-comedic-silence-90574.mp3
1777974889,1,freesound_community-comedic-silence-90574.mp3
1777974889,1,freesound_community-comedic-silence-90574.mp3
1777975609,1,freesound_community-comedic-silence-90574.mp3
1777975612,1,freesound_community-comedic-silence-90574.mp3
1777975612,1,freesound_community-comedic-silence-90574.mp3
1777975620,1,freesound_community-comedic-silence-90574.mp3
1777975620,1,freesound_community-comedic-silence-90574.mp3
1777975633,1,freesound_community-comedic-silence-90574.mp3
1777975634,1,freesound_community-comedic-silence-90574.mp3
1777975634,1,freesound_community-comedic-silence-90574.mp3
1777975653,1,freesound_community-comedic-silence-90574.mp3
1777975653,1,freesound_community-comedic-silence-90574.mp3
1777975728,1,freesound_community-comedic-silence-90574.mp3
1777975729,3,sound3.wav
1777975730,4,sound4.wav
1777975734,4,sound4.wav
1777975736,4,sound4.wav
1777975738,4,sound4.wav
1777975741,4,sound4.wav
1777975741,4,sound4.wav
1777975741,4,sound4.wav
1777975756,4,freesound_community-boop-741-mhz-39314.mp3
1777975829,4,freesound_community-boop-741-mhz-39314.mp3
1777975830,4,freesound_community-boop-741-mhz-39314.mp3
1777975830,4,freesound_community-boop-741-mhz-39314.mp3
1777975839,4,freesound_community-boop-741-mhz-39314.mp3
1777975839,4,freesound_community-boop-741-mhz-39314.mp3
1777975863,4,freesound_community-boop-741-mhz-39314.mp3
1777975864,4,freesound_community-boop-741-mhz-39314.mp3
1777975865,4,freesound_community-boop-741-mhz-39314.mp3
1777975865,4,freesound_community-boop-741-mhz-39314.mp3
1777975881,4,freesound_community-boop-741-mhz-39314.mp3
1777975882,4,freesound_community-boop-741-mhz-39314.mp3
1777975894,4,freesound_community-boop-741-mhz-39314.mp3
1777975894,4,freesound_community-boop-741-mhz-39314.mp3
1777975917,4,freesound_community-boop-741-mhz-39314.mp3
1777975917,4,freesound_community-boop-741-mhz-39314.mp3
1777975919,1,freesound_community-comedic-silence-90574.mp3
1777975919,1,freesound_community-comedic-silence-90574.mp3
1777975937,1,freesound_community-comedic-silence-90574.mp3
1777975937,1,freesound_community-comedic-silence-90574.mp3
1778056133,3,sound3.wav
1778056135,4,freesound_community-boop-741-mhz-39314.mp3
1778056141,2,sound2.wav
1778056144,2,sound2.wav
1778056160,4,freesound_community-boop-741-mhz-39314.mp3
1778056160,4,freesound_community-boop-741-mhz-39314.mp3
1778056169,4,freesound_community-boop-741-mhz-39314.mp3
1778056169,4,freesound_community-boop-741-mhz-39314.mp3
1778056203,4,freesound_community-boop-741-mhz-39314.mp3
1778056203,4,freesound_community-boop-741-mhz-39314.mp3
1778056205,2,sound2.wav
1778056206,2,sound2.wav
1778056240,2,drmapan.wav
